Dolno?l?skie,Boles?awiec
Dolno?l?skie,Dzier?oniów
Dolno?l?skie,G?ogów
Dolno?l?skie,Góra
Dolno?l?skie,Jawor
Dolno?l?skie,Jelenia Góra
Dolno?l?skie,Jelenia Góra (City)
Dolno?l?skie,Kamienna Góra
Dolno?l?skie,K?odzko
Dolno?l?skie,Legnica
Dolno?l?skie,Legnica (City)
Dolno?l?skie,Luba?
Dolno?l?skie,Lubi?
Dolno?l?skie,Lwówek ?l?ski
Dolno?l?skie,Milicz
Dolno?l?skie,O?awa
Dolno?l?skie,Ole?nica
Dolno?l?skie,Polkowice
Dolno?l?skie,?roda ?l?ska
Dolno?l?skie,Strzelin
Dolno?l?skie,?widnica
Dolno?l?skie,Trzebnica
Dolno?l?skie,Wa?brzych
Dolno?l?skie,Wo?ów
Dolno?l?skie,Wroc?aw
Dolno?l?skie,Wroc?aw (City)
Dolno?l?skie,Z?bkowice ?l?skie
Dolno?l?skie,Zgorzelec
Dolno?l?skie,Z?otoryja
Kujawsko-Pomorskie,Aleksandrów
Kujawsko-Pomorskie,Brodnica
Kujawsko-Pomorskie,Bydgoszcz
Kujawsko-Pomorskie,Bydgoszcz (City)
Kujawsko-Pomorskie,Che?mno
Kujawsko-Pomorskie,Golub-Dobrzy?
Kujawsko-Pomorskie,Grudzi?dz
Kujawsko-Pomorskie,Grudzi?dz (City)
Kujawsko-Pomorskie,Inowroc?aw
Kujawsko-Pomorskie,Lipno
Kujawsko-Pomorskie,Mogilno
Kujawsko-Pomorskie,Nak?o
Kujawsko-Pomorskie,Radziejów
Kujawsko-Pomorskie,Rypin
Kujawsko-Pomorskie,S?pólno
Kujawsko-Pomorskie,?wiecie
Kujawsko-Pomorskie,Toru?
Kujawsko-Pomorskie,Toru? (City)
Kujawsko-Pomorskie,Tuchola
Kujawsko-Pomorskie,W?brze?no
Kujawsko-Pomorskie,W?oc?awek
Kujawsko-Pomorskie,W?oc?awek (City)
Kujawsko-Pomorskie,?nin
?ódzkie,Be?chatów
?ódzkie,Brzeziny
?ódzkie,Kutno
?ódzkie,?ask
?ódzkie,??czyca
?ódzkie,?ód?
?ódzkie,?ódzki Wschodni
?ódzkie,?owicz
?ódzkie,Opoczno
?ódzkie,Pabianice
?ódzkie,Paj?czno
?ódzkie,Piotrków
?ódzkie,Piotrków Trybunalski
?ódzkie,Podd?bice
?ódzkie,Radomsko
?ódzkie,Rawa
?ódzkie,Sieradz
?ódzkie,Skierniewice
?ódzkie,Skierniewice (City)
?ódzkie,Tomaszów Mazowiecki
?ódzkie,Wielu?
?ódzkie,Wieruszów
?ódzkie,Zdu?ska Wola
?ódzkie,Zgierz
Lubelskie,Bia?a Podlaska
Lubelskie,Bia?a Podlaska (City)
Lubelskie,Bi?goraj
Lubelskie,Che?m
Lubelskie,Che?m (City)
Lubelskie,Hrubieszów
Lubelskie,Janów Lubelski
Lubelskie,Kra?nik
Lubelskie,Krasnystaw
Lubelskie,??czna
Lubelskie,Lubartów
Lubelskie,Lublin
Lubelskie,Lublin (City)
Lubelskie,?uków
Lubelskie,Opole Lubelskie
Lubelskie,Parczew
Lubelskie,Pu?awy
Lubelskie,Radzy? Podlaski
Lubelskie,Ryki
Lubelskie,?widnik
Lubelskie,Tomaszów Lubelski
Lubelskie,W?odawa
Lubelskie,Zamo??
Lubelskie,Zamo?? (City)
Lubuskie,Gorzów
Lubuskie,Gorzów Wielkopolski
Lubuskie,Krosno Odrza?skie
Lubuskie,Mi?dzyrzecz
Lubuskie,Nowa Sól
Lubuskie,S?ubice
Lubuskie,Strzelce-Drezdenko
Lubuskie,Sul?cin
Lubuskie,?wiebodzin
Lubuskie,Wschowa
Lubuskie,?aga?
Lubuskie,?ary
Lubuskie,Zielona Góra
Lubuskie,Zielona Góra (City)
Ma?opolskie,Bochnia
Ma?opolskie,Brzesko
Ma?opolskie,Chrzanów
Ma?opolskie,D?browa
Ma?opolskie,Gorlice
Ma?opolskie,Kraków
Ma?opolskie,Kraków (City)
Ma?opolskie,Limanowa
Ma?opolskie,Miechów
Ma?opolskie,My?lenice
Ma?opolskie,Nowy S?cz
Ma?opolskie,Nowy S?cz (City)
Ma?opolskie,Nowy Targ
Ma?opolskie,Olkusz
Ma?opolskie,O?wi?cim
Ma?opolskie,Proszowice
Ma?opolskie,Sucha
Ma?opolskie,Tarnów
Ma?opolskie,Tarnów (City)
Ma?opolskie,Tatra
Ma?opolskie,Wadowice
Ma?opolskie,Wieliczka
Mazowieckie,Bia?obrzegi
Mazowieckie,Ciechanów
Mazowieckie,Garwolin
Mazowieckie,Gostynin
Mazowieckie,Grodzisk Mazowiecki
Mazowieckie,Grójec
Mazowieckie,Kozienice
Mazowieckie,Legionowo
Mazowieckie,Lipsko
Mazowieckie,?osice
Mazowieckie,Maków
Mazowieckie,Mi?sk
Mazowieckie,M?awa
Mazowieckie,Nowy Dwór Mazowiecki
Mazowieckie,Ostro??ka
Mazowieckie,Ostro??ka (City)
Mazowieckie,Ostrów Mazowiecka
Mazowieckie,Otwock
Mazowieckie,Piaseczno
Mazowieckie,P?ock
Mazowieckie,P?ock (City)
Mazowieckie,P?o?sk
Mazowieckie,Pruszków
Mazowieckie,Przasnysz
Mazowieckie,Przysucha
Mazowieckie,Pu?tusk
Mazowieckie,Radom
Mazowieckie,Radom (City)
Mazowieckie,Siedlce
Mazowieckie,Siedlce (City)
Mazowieckie,Sierpc
Mazowieckie,Sochaczew
Mazowieckie,Soko?ów
Mazowieckie,Szyd?owiec
Mazowieckie,Warszaw Zachodni
Mazowieckie,Warszawa
Mazowieckie,W?grów
Mazowieckie,Wo?omin
Mazowieckie,Wyszków
Mazowieckie,?uromin
Mazowieckie,Zwole?
Mazowieckie,?yrardów
Opolskie,Brzeg
Opolskie,G?ubczyce
Opolskie,K?dzierzyn-Ko?le
Opolskie,Kluczbork
Opolskie,Krapkowice
Opolskie,Namys?ów
Opolskie,Nysa
Opolskie,Olesno
Opolskie,Opole
Opolskie,Opole (City)
Opolskie,Prudnik
Opolskie,Strzelce
Podkarpackie,Bieszczady
Podkarpackie,Brzozów
Podkarpackie,D?bica
Podkarpackie,Jaros?aw
Podkarpackie,Jas?o
Podkarpackie,Kolbuszowa
Podkarpackie,Krosno
Podkarpackie,Krosno (City)
Podkarpackie,?a?cut
Podkarpackie,Lesko
Podkarpackie,Le?ajsk
Podkarpackie,Lubaczów
Podkarpackie,Mielec
Podkarpackie,Nisko
Podkarpackie,Przemy?l
Podkarpackie,Przemy?l (City)
Podkarpackie,Przeworsk
Podkarpackie,Ropczyce-S?dziszów
Podkarpackie,Rzeszów
Podkarpackie,Rzeszów (City)
Podkarpackie,Sanok
Podkarpackie,Stalowa Wola
Podkarpackie,Strzy?ów
Podkarpackie,Tarnobrzeg
Podkarpackie,Tarnobrzeg (City)
Podlaskie,Augustów
Podlaskie,Bia?ystok
Podlaskie,Bia?ystok (City)
Podlaskie,Bielsk
Podlaskie,Grajewo
Podlaskie,Hajnówka
Podlaskie,Kolno
Podlaskie,?om?a
Podlaskie,?om?a (City)
Podlaskie,Mo?ki
Podlaskie,Sejny
Podlaskie,Siemiatycze
Podlaskie,Sokó?ka
Podlaskie,Suwa?ki
Podlaskie,Suwa?ki (City)
Podlaskie,Wysokie Mazowieckie
Podlaskie,Zambrów
Pomorskie,Bytów
Pomorskie,Chojnice
Pomorskie,Cz?uchów
Pomorskie,Gda?sk
Pomorskie,Gda?sk (City)
Pomorskie,Gdynia
Pomorskie,Kartuzy
Pomorskie,Ko?cierzyna
Pomorskie,Kwidzyn
Pomorskie,L?bork
Pomorskie,Malbork
Pomorskie,Nowy Dwór Gda?ski
Pomorskie,Puck
Pomorskie,S?upsk
Pomorskie,S?upsk (City)
Pomorskie,Sopot
Pomorskie,Starogard
Pomorskie,Sztum
Pomorskie,Tczew
Pomorskie,Wejherowo
?l?skie,B?dzin
?l?skie,Bielsko
?l?skie,Bielsko-Bia?a
?l?skie,Bieru?-L?dziny
?l?skie,Bytom
?l?skie,Chorzów
?l?skie,Cieszyn
?l?skie,Cz?stochowa
?l?skie,Cz?stochowa (CIty)
?l?skie,D?browa Górnicza
?l?skie,Gliwice
?l?skie,Gliwice (City)
?l?skie,Jastrz?bie-Zdrój
?l?skie,Jaworzno
?l?skie,Katowice
?l?skie,K?obuck
?l?skie,Lubliniec
?l?skie,Miko?ów
?l?skie,Mys?owice
?l?skie,Myszków
?l?skie,Piekary ?l?skie
?l?skie,Pszczyna
?l?skie,Racibórz
?l?skie,Ruda ?l?ska
?l?skie,Rybnik
?l?skie,Rybnik (City)
?l?skie,Siemianowice ?l?skie
?l?skie,Sosnowiec
?l?skie,?wi?toch?owice
?l?skie,Tarnowskie Góry
?l?skie,Tychy
?l?skie,Wodzis?aw
?l?skie,Zabrze
?l?skie,Zawiercie
?l?skie,?ory
?l?skie,?ywiec
?wi?tokrzyskie,Busko
?wi?tokrzyskie,J?drzejów
?wi?tokrzyskie,Kazimierza
?wi?tokrzyskie,Kielce
?wi?tokrzyskie,Kielce (City)
?wi?tokrzyskie,Ko?skie
?wi?tokrzyskie,Opatów
?wi?tokrzyskie,Ostrowiec
?wi?tokrzyskie,Pi?czów
?wi?tokrzyskie,Sandomierz
?wi?tokrzyskie,Skar?ysko
?wi?tokrzyskie,Starachowice
?wi?tokrzyskie,Staszów
?wi?tokrzyskie,W?oszczowa
Warmi?sko-Mazurskie,Bartoszyce
Warmi?sko-Mazurskie,Braniewo
Warmi?sko-Mazurskie,Dzia?dowo
Warmi?sko-Mazurskie,Elbl?g
Warmi?sko-Mazurskie,Elbl?g (City)
Warmi?sko-Mazurskie,E?k
Warmi?sko-Mazurskie,Gi?ycko
Warmi?sko-Mazurskie,Go?dap
Warmi?sko-Mazurskie,I?awa
Warmi?sko-Mazurskie,K?trzyn
Warmi?sko-Mazurskie,Lidzbark
Warmi?sko-Mazurskie,Mr?gowo
Warmi?sko-Mazurskie,Nidzica
Warmi?sko-Mazurskie,Nowe Miasto
Warmi?sko-Mazurskie,Olecko
Warmi?sko-Mazurskie,Olsztyn
Warmi?sko-Mazurskie,Olsztyn (City)
Warmi?sko-Mazurskie,Ostróda
Warmi?sko-Mazurskie,Pisz
Warmi?sko-Mazurskie,Szczytno
Warmi?sko-Mazurskie,W?gorzewo
Wielkopolskie,Chodzie?
Wielkopolskie,Czarnków-Trzcianka
Wielkopolskie,Gniezno
Wielkopolskie,Gosty?
Wielkopolskie,Grodzisk Wielkopolski
Wielkopolskie,Jarocin
Wielkopolskie,Kalisz
Wielkopolskie,Kalisz (City)
Wielkopolskie,K?pno
Wielkopolskie,Ko?o
Wielkopolskie,Konin
Wielkopolskie,Konin (City)
Wielkopolskie,Ko?cian
Wielkopolskie,Krotoszyn
Wielkopolskie,Leszno
Wielkopolskie,Leszno (City)
Wielkopolskie,Mi?dzychód
Wielkopolskie,Nowy Tomy?l
Wielkopolskie,Oborniki
Wielkopolskie,Ostrów Wielkopolski
Wielkopolskie,Ostrzeszów
Wielkopolskie,Pi?a
Wielkopolskie,Pleszew
Wielkopolskie,Pozna?
Wielkopolskie,Pozna? (City)
Wielkopolskie,Rawicz
Wielkopolskie,S?upca
Wielkopolskie,?rem
Wielkopolskie,?roda Wielkopolska
Wielkopolskie,Szamotu?y
Wielkopolskie,Turek
Wielkopolskie,W?growiec
Wielkopolskie,Wolsztyn
Wielkopolskie,Wrze?nia
Wielkopolskie,Z?otów
Zachodniopomorskie,Bia?ogard
Zachodniopomorskie,Choszczno
Zachodniopomorskie,Drawsko
Zachodniopomorskie,Goleniów
Zachodniopomorskie,Gryfice
Zachodniopomorskie,Gryfino
Zachodniopomorskie,Kamie?
Zachodniopomorskie,Ko?obrzeg
Zachodniopomorskie,Koszalin
Zachodniopomorskie,Koszalin (City)
Zachodniopomorskie,?obez
Zachodniopomorskie,My?libórz
Zachodniopomorskie,Police
Zachodniopomorskie,Pyrzyce
Zachodniopomorskie,S?awno
Zachodniopomorskie,Stargard
Zachodniopomorskie,?widwin
Zachodniopomorskie,?winouj?cie
Zachodniopomorskie,Szczecin
Zachodniopomorskie,Szczecinek
Zachodniopomorskie,Wa?cz
Zachodniopomorskie,Zalew Szczeci?ski
